Instancia,Tamanho de Espacio de Busqueda,Soluciones exploradas: EC,Soluciones exploradas: EE,Soluciones exploradas: RS,Proporcion explorada: EC,Proporcion explorada: EE,Proporcion explorada: RS
Instancia: 6,203,220,220,220,1.083743842364532,1.083743842364532,1.083743842364532
Instancia: 7,877,220,220,220,0.2508551881413911,0.2508551881413911,0.2508551881413911
Instancia: 8,4140,220,220,220,0.05314009661835749,0.05314009661835749,0.05314009661835749
Instancia: 9,21147,220,220,220,0.010403366907835627,0.010403366907835627,0.010403366907835627
Instancia: 10,115975,220,220,220,0.0018969605518430696,0.0018969605518430696,0.0018969605518430696
