Instancia,Tamanho de Espacio de Busqueda,Soluciones exploradas: EC,Soluciones exploradas: EE,Soluciones exploradas: RS,Proporcion explorada: EC,Proporcion explorada: EE,Proporcion explorada: RS
Instancia: 6,720,220,220,220,0.3055555555555556,0.3055555555555556,0.3055555555555556
Instancia: 7,5040,220,220,220,0.04365079365079365,0.04365079365079365,0.04365079365079365
Instancia: 8,40320,220,220,220,0.005456349206349206,0.005456349206349206,0.005456349206349206
Instancia: 9,362880,220,220,220,6.062610229276896E-4,6.062610229276896E-4,6.062610229276896E-4
Instancia: 10,3628800,220,220,220,6.062610229276896E-5,6.062610229276896E-5,6.062610229276896E-5
